UserName,Sentiment
1,Neutral
2,Neutral
3,Positive
4,Neutral
5,Neutral
6,Neutral
7,Neutral
8,Positive
9,Neutral
10,Neutral
11,Negative
12,Positive
13,Positive
14,Extremely Positive
15,Negative
16,Neutral
17,Negative
18,Positive
19,Neutral
20,Neutral
21,Neutral
22,Neutral
23,Positive
24,Negative
25,Positive
26,Positive
27,Neutral
28,Negative
29,Neutral
30,Neutral
31,Neutral
32,Neutral
33,Neutral
34,Neutral
35,Neutral
36,Positive
37,Neutral
38,Negative
39,Positive
40,Positive
41,Positive
42,Positive
43,Neutral
44,Neutral
45,Neutral
46,Negative
47,Neutral
48,Positive
49,Positive
50,Extremely Negative
51,Positive
52,Neutral
53,Neutral
54,Positive
55,Positive
56,Neutral
57,Neutral
58,Neutral
59,Neutral
60,Neutral
61,Positive
62,Negative
63,Neutral
64,Neutral
65,Neutral
66,Positive
67,Neutral
68,Neutral
69,Positive
70,Extremely Negative
71,Neutral
72,Positive
73,Extremely Negative
74,Negative
75,Neutral
76,Negative
77,Positive
78,Neutral
79,Positive
80,Neutral
81,Neutral
82,Positive
83,Neutral
84,Positive
85,Positive
86,Neutral
87,Neutral
88,Neutral
89,Negative
90,Neutral
91,Neutral
92,Positive
93,Neutral
94,Positive
95,Negative
96,Neutral
97,Neutral
98,Neutral
99,Positive
100,Neutral
101,Neutral
102,Neutral
103,Neutral
104,Negative
105,Neutral
106,Negative
107,Neutral
108,Neutral
109,Neutral
110,Positive
111,Neutral
112,Negative
113,Positive
114,Positive
115,Neutral
116,Neutral
117,Negative
118,Negative
119,Positive
120,Neutral
121,Positive
122,Neutral
123,Negative
124,Neutral
125,Neutral
126,Neutral
127,Negative
128,Negative
129,Positive
130,Neutral
131,Positive
132,Negative
133,Neutral
134,Positive
135,Negative
136,Neutral
137,Negative
138,Positive
139,Positive
140,Negative
141,Neutral
142,Negative
143,Neutral
144,Neutral
145,Neutral
146,Extremely Negative
147,Neutral
148,Neutral
149,Neutral
150,Neutral
151,Neutral
152,Negative
153,Positive
154,Neutral
155,Negative
156,Positive
157,Positive
158,Negative
159,Neutral
160,Neutral
161,Negative
162,Neutral
163,Neutral
164,Neutral
165,Positive
166,Neutral
167,Neutral
168,Neutral
169,Neutral
170,Neutral
171,Neutral
172,Negative
173,Positive
174,Neutral
175,Negative
176,Neutral
177,Positive
178,Negative
179,Neutral
180,Neutral
181,Neutral
182,Neutral
183,Positive
184,Negative
185,Positive
186,Positive
187,Neutral
188,Neutral
189,Neutral
190,Neutral
191,Neutral
192,Neutral
193,Positive
194,Neutral
195,Positive
196,Neutral
197,Extremely Negative
198,Neutral
199,Neutral
200,Neutral
201,Neutral
202,Negative
203,Neutral
204,Neutral
205,Extremely Negative
206,Neutral
207,Positive
208,Positive
209,Positive
210,Neutral
211,Neutral
212,Extremely Negative
213,Neutral
214,Neutral
215,Neutral
216,Negative
217,Negative
218,Positive
219,Neutral
220,Negative
221,Neutral
222,Negative
223,Negative
224,Neutral
225,Positive
226,Positive
227,Neutral
228,Negative
229,Neutral
230,Neutral
231,Extremely Negative
232,Neutral
233,Negative
234,Neutral
235,Positive
236,Neutral
237,Negative
238,Negative
239,Neutral
240,Negative
241,Neutral
242,Neutral
243,Negative
244,Negative
245,Positive
246,Positive
247,Neutral
248,Neutral
249,Negative
250,Neutral
251,Neutral
252,Neutral
253,Negative
254,Positive
255,Positive
256,Neutral
257,Neutral
258,Neutral
259,Neutral
260,Neutral
261,Neutral
262,Positive
263,Neutral
264,Negative
265,Neutral
266,Neutral
267,Neutral
268,Negative
269,Neutral
270,Neutral
271,Neutral
272,Neutral
273,Neutral
274,Neutral
275,Positive
276,Positive
277,Neutral
278,Negative
279,Negative
280,Positive
281,Neutral
282,Neutral
283,Neutral
284,Positive
285,Positive
286,Negative
287,Positive
288,Neutral
289,Neutral
290,Positive
291,Neutral
292,Neutral
293,Extremely Positive
294,Neutral
295,Neutral
296,Positive
297,Positive
298,Positive
299,Positive
300,Neutral
301,Positive
302,Neutral
303,Negative
304,Positive
305,Negative
306,Positive
307,Neutral
308,Neutral
309,Extremely Positive
310,Positive
311,Neutral
312,Negative
313,Negative
314,Neutral
315,Extremely Positive
316,Neutral
317,Negative
318,Negative
319,Neutral
320,Positive
321,Neutral
322,Neutral
323,Neutral
324,Positive
325,Neutral
326,Neutral
327,Negative
328,Neutral
329,Neutral
330,Neutral
331,Positive
332,Positive
333,Neutral
334,Negative
335,Positive
336,Neutral
337,Neutral
338,Positive
339,Positive
340,Neutral
341,Neutral
342,Positive
343,Negative
344,Neutral
345,Neutral
346,Neutral
347,Positive
348,Positive
349,Neutral
350,Neutral
351,Neutral
352,Neutral
353,Neutral
354,Neutral
355,Negative
356,Positive
357,Neutral
358,Negative
359,Neutral
360,Neutral
361,Positive
362,Negative
363,Neutral
364,Negative
365,Positive
366,Neutral
367,Neutral
368,Neutral
369,Neutral
370,Neutral
371,Positive
372,Neutral
373,Neutral
374,Neutral
375,Negative
376,Neutral
377,Neutral
378,Negative
379,Neutral
380,Neutral
381,Positive
382,Negative
383,Positive
384,Positive
385,Negative
386,Neutral
387,Neutral
388,Neutral
389,Neutral
390,Neutral
391,Positive
392,Positive
393,Neutral
394,Neutral
395,Negative
396,Negative
397,Extremely Positive
398,Neutral
399,Neutral
400,Neutral
401,Neutral
402,Positive
403,Positive
404,Neutral
405,Neutral
406,Positive
407,Positive
408,Neutral
409,Negative
410,Positive
411,Positive
412,Neutral
413,Neutral
414,Neutral
415,Positive
416,Negative
417,Neutral
418,Positive
419,Neutral
420,Positive
421,Neutral
422,Neutral
423,Positive
424,Neutral
425,Neutral
426,Extremely Positive
427,Neutral
428,Neutral
429,Negative
430,Positive
431,Positive
432,Positive
433,Neutral
434,Neutral
435,Negative
436,Positive
437,Positive
438,Negative
439,Neutral
440,Positive
441,Positive
442,Positive
443,Negative
444,Positive
445,Neutral
446,Neutral
447,Positive
448,Negative
449,Neutral
450,Neutral
451,Neutral
452,Positive
453,Negative
454,Positive
455,Neutral
456,Neutral
457,Neutral
458,Neutral
459,Negative
460,Positive
461,Neutral
462,Positive
463,Neutral
464,Positive
465,Neutral
466,Neutral
467,Negative
468,Neutral
469,Neutral
470,Neutral
471,Positive
472,Negative
473,Neutral
474,Positive
475,Positive
476,Neutral
477,Neutral
478,Neutral
479,Positive
480,Neutral
481,Positive
482,Neutral
483,Neutral
484,Positive
485,Neutral
486,Neutral
487,Neutral
488,Positive
489,Neutral
490,Extremely Negative
491,Neutral
492,Neutral
493,Neutral
494,Neutral
495,Positive
496,Neutral
497,Positive
498,Neutral
499,Neutral
500,Negative
501,Neutral
502,Neutral
503,Neutral
504,Neutral
505,Negative
506,Negative
507,Neutral
508,Neutral
509,Negative
510,Positive
511,Negative
512,Negative
513,Negative
514,Negative
515,Neutral
516,Positive
517,Negative
518,Neutral
519,Positive
520,Neutral
521,Neutral
522,Negative
523,Neutral
524,Neutral
525,Neutral
526,Positive
527,Neutral
528,Extremely Positive
529,Positive
530,Positive
531,Neutral
532,Neutral
533,Positive
534,Positive
535,Positive
536,Negative
537,Positive
538,Neutral
539,Positive
540,Negative
541,Neutral
542,Negative
543,Neutral
544,Negative
545,Neutral
546,Positive
547,Positive
548,Neutral
549,Neutral
550,Neutral
551,Neutral
552,Positive
553,Neutral
554,Neutral
555,Neutral
556,Neutral
557,Neutral
558,Neutral
559,Positive
560,Positive
561,Neutral
562,Neutral
563,Neutral
564,Positive
565,Positive
566,Neutral
567,Neutral
568,Positive
569,Positive
570,Positive
571,Positive
572,Neutral
573,Neutral
574,Neutral
575,Neutral
576,Neutral
577,Neutral
578,Positive
579,Positive
580,Neutral
581,Positive
582,Neutral
583,Neutral
584,Negative
585,Negative
586,Neutral
587,Negative
588,Negative
589,Neutral
590,Neutral
591,Neutral
592,Positive
593,Neutral
594,Negative
595,Positive
596,Positive
597,Neutral
598,Neutral
599,Neutral
600,Neutral
601,Negative
602,Neutral
603,Neutral
604,Negative
605,Positive
606,Neutral
607,Neutral
608,Neutral
609,Neutral
610,Negative
611,Neutral
612,Positive
613,Neutral
614,Neutral
615,Negative
616,Negative
617,Negative
618,Negative
619,Negative
620,Positive
621,Neutral
622,Positive
623,Neutral
624,Neutral
625,Neutral
626,Neutral
627,Neutral
628,Neutral
629,Neutral
630,Negative
631,Neutral
632,Neutral
633,Neutral
634,Negative
635,Neutral
636,Neutral
637,Positive
638,Positive
639,Neutral
640,Neutral
641,Extremely Negative
642,Neutral
643,Neutral
644,Positive
645,Positive
646,Negative
647,Neutral
648,Positive
649,Neutral
650,Neutral
651,Neutral
652,Neutral
653,Positive
654,Positive
655,Neutral
656,Neutral
657,Positive
658,Negative
659,Positive
660,Positive
661,Positive
662,Neutral
663,Neutral
664,Positive
665,Neutral
666,Neutral
667,Neutral
668,Neutral
669,Positive
670,Neutral
671,Neutral
672,Neutral
673,Negative
674,Neutral
675,Neutral
676,Neutral
677,Negative
678,Negative
679,Positive
680,Neutral
681,Positive
682,Positive
683,Positive
684,Neutral
685,Neutral
686,Positive
687,Positive
688,Neutral
689,Positive
690,Positive
691,Negative
692,Positive
693,Negative
694,Neutral
695,Neutral
696,Positive
697,Negative
698,Neutral
699,Negative
700,Neutral
701,Positive
702,Neutral
703,Neutral
704,Neutral
705,Neutral
706,Neutral
707,Neutral
708,Neutral
709,Neutral
710,Neutral
711,Neutral
712,Neutral
713,Positive
714,Neutral
715,Neutral
716,Positive
717,Neutral
718,Positive
719,Neutral
720,Positive
721,Neutral
722,Negative
723,Negative
724,Positive
725,Negative
726,Neutral
727,Positive
728,Negative
729,Negative
730,Positive
731,Negative
732,Positive
733,Positive
734,Neutral
735,Neutral
736,Neutral
737,Negative
738,Neutral
739,Negative
740,Neutral
741,Positive
742,Negative
743,Positive
744,Negative
745,Positive
746,Positive
747,Neutral
748,Neutral
749,Positive
750,Neutral
751,Neutral
752,Positive
753,Positive
754,Positive
755,Neutral
756,Extremely Positive
757,Positive
758,Positive
759,Positive
760,Positive
761,Negative
762,Neutral
763,Positive
764,Negative
765,Positive
766,Negative
767,Positive
768,Neutral
769,Negative
770,Positive
771,Negative
772,Neutral
773,Positive
774,Neutral
775,Neutral
776,Neutral
777,Negative
778,Negative
779,Positive
780,Positive
781,Positive
782,Neutral
783,Positive
784,Neutral
785,Negative
786,Neutral
787,Positive
788,Neutral
789,Positive
790,Positive
791,Negative
792,Neutral
793,Negative
794,Positive
795,Neutral
796,Negative
797,Neutral
798,Positive
799,Neutral
800,Negative
801,Positive
802,Neutral
803,Neutral
804,Positive
805,Negative
806,Neutral
807,Neutral
808,Neutral
809,Neutral
810,Negative
811,Neutral
812,Neutral
813,Positive
814,Neutral
815,Neutral
816,Neutral
817,Neutral
818,Extremely Positive
819,Positive
820,Negative
821,Positive
822,Positive
823,Positive
824,Positive
825,Neutral
826,Positive
827,Positive
828,Neutral
829,Negative
830,Neutral
831,Positive
832,Negative
833,Neutral
834,Positive
835,Negative
836,Negative
837,Neutral
838,Extremely Positive
839,Negative
840,Neutral
841,Neutral
842,Positive
843,Neutral
844,Neutral
845,Neutral
846,Negative
847,Negative
848,Positive
849,Positive
850,Neutral
851,Neutral
852,Positive
853,Negative
854,Neutral
855,Neutral
856,Positive
857,Positive
858,Positive
859,Positive
860,Neutral
861,Positive
862,Neutral
863,Neutral
864,Positive
865,Positive
866,Negative
867,Neutral
868,Extremely Negative
869,Positive
870,Neutral
871,Positive
872,Neutral
873,Neutral
874,Neutral
875,Neutral
876,Neutral
877,Neutral
878,Negative
879,Positive
880,Neutral
881,Positive
882,Neutral
883,Extremely Positive
884,Neutral
885,Extremely Positive
886,Neutral
887,Neutral
888,Neutral
889,Negative
890,Positive
891,Negative
892,Negative
893,Negative
894,Neutral
895,Positive
896,Neutral
897,Positive
898,Neutral
899,Neutral
900,Positive
901,Positive
902,Neutral
903,Negative
904,Neutral
905,Neutral
906,Neutral
907,Neutral
908,Positive
909,Neutral
910,Neutral
911,Negative
912,Negative
913,Neutral
914,Positive
915,Neutral
916,Neutral
917,Neutral
918,Neutral
919,Negative
920,Neutral
921,Positive
922,Neutral
923,Neutral
924,Neutral
925,Neutral
926,Neutral
927,Neutral
928,Neutral
929,Neutral
930,Neutral
931,Extremely Positive
932,Negative
933,Neutral
934,Neutral
935,Neutral
936,Neutral
937,Positive
938,Negative
939,Neutral
940,Negative
941,Neutral
942,Neutral
943,Neutral
944,Neutral
945,Negative
946,Neutral
947,Negative
948,Positive
949,Neutral
950,Negative
951,Negative
952,Positive
953,Neutral
954,Neutral
955,Positive
956,Neutral
957,Neutral
958,Positive
959,Neutral
960,Neutral
961,Neutral
962,Negative
963,Neutral
964,Negative
965,Positive
966,Neutral
967,Neutral
968,Neutral
969,Neutral
970,Positive
971,Negative
972,Positive
973,Neutral
974,Neutral
975,Positive
976,Positive
977,Positive
978,Positive
979,Negative
980,Negative
981,Positive
982,Neutral
983,Neutral
984,Neutral
985,Positive
986,Neutral
987,Positive
988,Neutral
989,Positive
990,Positive
991,Neutral
992,Neutral
993,Positive
994,Positive
995,Neutral
996,Positive
997,Neutral
998,Neutral
999,Neutral
1000,Neutral
1001,Positive
1002,Neutral
1003,Negative
1004,Neutral
1005,Neutral
1006,Neutral
1007,Positive
1008,Neutral
1009,Neutral
1010,Neutral
1011,Neutral
1012,Neutral
1013,Neutral
1014,Negative
1015,Neutral
1016,Neutral
1017,Neutral
1018,Neutral
1019,Neutral
1020,Extremely Negative
1021,Negative
1022,Negative
1023,Neutral
1024,Negative
1025,Negative
1026,Positive
1027,Extremely Negative
1028,Positive
1029,Neutral
1030,Neutral
1031,Neutral
1032,Neutral
1033,Neutral
1034,Negative
1035,Negative
1036,Extremely Negative
1037,Negative
1038,Positive
1039,Negative
1040,Positive
1041,Neutral
1042,Neutral
1043,Neutral
1044,Positive
1045,Neutral
1046,Negative
1047,Neutral
1048,Negative
1049,Neutral
1050,Neutral
1051,Neutral
1052,Positive
1053,Positive
1054,Negative
1055,Neutral
1056,Neutral
1057,Negative
1058,Positive
1059,Positive
1060,Negative
1061,Neutral
1062,Neutral
1063,Neutral
1064,Neutral
1065,Neutral
1066,Neutral
1067,Neutral
1068,Negative
1069,Positive
1070,Neutral
1071,Neutral
1072,Positive
1073,Neutral
1074,Positive
1075,Positive
1076,Neutral
1077,Neutral
1078,Positive
1079,Neutral
1080,Neutral
1081,Neutral
1082,Positive
1083,Positive
1084,Neutral
1085,Neutral
1086,Positive
1087,Neutral
1088,Neutral
1089,Neutral
1090,Neutral
1091,Negative
1092,Positive
1093,Positive
1094,Negative
1095,Negative
1096,Neutral
1097,Positive
1098,Neutral
1099,Positive
1100,Positive
1101,Neutral
1102,Neutral
1103,Neutral
1104,Neutral
1105,Neutral
1106,Positive
1107,Neutral
1108,Negative
1109,Neutral
1110,Neutral
1111,Neutral
1112,Neutral
1113,Neutral
1114,Negative
1115,Neutral
1116,Neutral
1117,Neutral
1118,Neutral
1119,Positive
1120,Negative
1121,Neutral
1122,Neutral
1123,Positive
1124,Neutral
1125,Neutral
1126,Positive
1127,Neutral
1128,Neutral
1129,Neutral
1130,Negative
1131,Neutral
1132,Positive
1133,Neutral
1134,Neutral
1135,Neutral
1136,Positive
1137,Neutral
1138,Extremely Negative
1139,Positive
1140,Negative
1141,Neutral
1142,Positive
1143,Positive
1144,Neutral
1145,Negative
1146,Positive
1147,Neutral
1148,Neutral
1149,Neutral
1150,Negative
1151,Negative
1152,Negative
1153,Neutral
1154,Neutral
1155,Neutral
1156,Neutral
1157,Neutral
1158,Positive
1159,Neutral
1160,Neutral
1161,Neutral
1162,Positive
1163,Negative
1164,Positive
1165,Positive
1166,Neutral
1167,Negative
1168,Neutral
1169,Positive
1170,Positive
1171,Neutral
1172,Positive
1173,Positive
1174,Neutral
1175,Neutral
1176,Positive
1177,Neutral
1178,Positive
1179,Neutral
1180,Neutral
1181,Neutral
1182,Neutral
1183,Positive
1184,Neutral
1185,Neutral
1186,Neutral
1187,Neutral
1188,Negative
1189,Positive
1190,Positive
1191,Neutral
1192,Positive
1193,Negative
1194,Negative
1195,Neutral
1196,Positive
1197,Neutral
1198,Negative
1199,Neutral
1200,Neutral
1201,Neutral
1202,Neutral
1203,Positive
1204,Negative
1205,Positive
1206,Neutral
1207,Negative
1208,Neutral
1209,Negative
1210,Positive
1211,Neutral
1212,Neutral
1213,Positive
1214,Neutral
1215,Positive
1216,Neutral
1217,Neutral
1218,Neutral
1219,Positive
1220,Negative
1221,Neutral
1222,Neutral
1223,Positive
1224,Negative
1225,Negative
1226,Negative
1227,Negative
1228,Positive
1229,Positive
1230,Positive
1231,Neutral
1232,Neutral
1233,Positive
1234,Neutral
1235,Positive
1236,Neutral
1237,Positive
1238,Neutral
1239,Neutral
1240,Neutral
1241,Extremely Positive
1242,Neutral
1243,Positive
1244,Positive
1245,Negative
1246,Neutral
1247,Neutral
1248,Neutral
1249,Positive
1250,Neutral
1251,Positive
1252,Neutral
1253,Neutral
1254,Neutral
1255,Neutral
1256,Positive
1257,Negative
1258,Negative
1259,Positive
1260,Neutral
1261,Neutral
1262,Neutral
1263,Neutral
1264,Positive
1265,Neutral
1266,Neutral
1267,Neutral
1268,Positive
1269,Neutral
1270,Neutral
1271,Neutral
1272,Positive
1273,Neutral
1274,Neutral
1275,Negative
1276,Negative
1277,Neutral
1278,Positive
1279,Positive
1280,Positive
1281,Neutral
1282,Positive
1283,Positive
1284,Neutral
1285,Positive
1286,Negative
1287,Negative
1288,Neutral
1289,Neutral
1290,Neutral
1291,Negative
1292,Positive
1293,Neutral
1294,Positive
1295,Positive
1296,Neutral
1297,Neutral
1298,Neutral
1299,Neutral
1300,Positive
1301,Negative
1302,Neutral
1303,Neutral
1304,Neutral
1305,Negative
1306,Neutral
1307,Neutral
1308,Negative
1309,Positive
1310,Positive
1311,Extremely Negative
1312,Neutral
1313,Negative
1314,Positive
1315,Negative
1316,Neutral
1317,Positive
1318,Positive
1319,Positive
1320,Neutral
1321,Positive
1322,Neutral
1323,Extremely Negative
1324,Positive
1325,Neutral
1326,Neutral
1327,Neutral
1328,Neutral
1329,Positive
1330,Positive
1331,Positive
1332,Positive
1333,Neutral
1334,Positive
1335,Positive
1336,Neutral
1337,Neutral
1338,Positive
1339,Positive
1340,Neutral
1341,Neutral
1342,Neutral
1343,Neutral
1344,Neutral
1345,Neutral
1346,Neutral
1347,Neutral
1348,Neutral
1349,Neutral
1350,Neutral
1351,Negative
1352,Neutral
1353,Positive
1354,Extremely Positive
1355,Neutral
1356,Positive
1357,Negative
1358,Positive
1359,Neutral
1360,Neutral
1361,Neutral
1362,Positive
1363,Neutral
1364,Positive
1365,Positive
1366,Positive
1367,Neutral
1368,Negative
1369,Positive
1370,Negative
1371,Neutral
1372,Positive
1373,Neutral
1374,Neutral
1375,Neutral
1376,Positive
1377,Extremely Negative
1378,Negative
1379,Negative
1380,Positive
1381,Positive
1382,Negative
1383,Positive
1384,Positive
1385,Neutral
1386,Neutral
1387,Positive
1388,Positive
1389,Neutral
1390,Neutral
1391,Neutral
1392,Positive
1393,Neutral
1394,Positive
1395,Negative
1396,Negative
1397,Neutral
1398,Neutral
1399,Neutral
1400,Neutral
1401,Neutral
1402,Positive
1403,Neutral
1404,Positive
1405,Neutral
1406,Neutral
1407,Positive
1408,Negative
1409,Neutral
1410,Neutral
1411,Negative
1412,Neutral
1413,Neutral
1414,Negative
1415,Negative
1416,Positive
1417,Positive
1418,Positive
1419,Positive
1420,Neutral
1421,Negative
1422,Negative
1423,Neutral
1424,Positive
1425,Positive
1426,Positive
1427,Negative
1428,Positive
1429,Neutral
1430,Positive
1431,Neutral
1432,Negative
1433,Positive
1434,Positive
1435,Positive
1436,Negative
1437,Neutral
1438,Neutral
1439,Neutral
1440,Neutral
1441,Positive
1442,Negative
1443,Positive
1444,Extremely Positive
1445,Negative
1446,Neutral
1447,Neutral
1448,Negative
1449,Neutral
1450,Neutral
1451,Positive
1452,Positive
1453,Neutral
1454,Negative
1455,Negative
1456,Neutral
1457,Positive
1458,Neutral
1459,Positive
1460,Neutral
1461,Neutral
1462,Negative
1463,Positive
1464,Positive
1465,Neutral
1466,Neutral
1467,Positive
1468,Positive
1469,Positive
1470,Negative
1471,Positive
1472,Neutral
1473,Neutral
1474,Neutral
1475,Neutral
1476,Negative
1477,Neutral
1478,Extremely Negative
1479,Neutral
1480,Positive
1481,Neutral
1482,Neutral
1483,Neutral
1484,Neutral
1485,Negative
1486,Extremely Negative
1487,Neutral
1488,Neutral
1489,Positive
1490,Negative
1491,Positive
1492,Neutral
1493,Positive
1494,Neutral
1495,Neutral
1496,Neutral
1497,Positive
1498,Positive
1499,Neutral
1500,Negative
1501,Neutral
1502,Negative
1503,Extremely Positive
1504,Neutral
1505,Negative
1506,Neutral
1507,Positive
1508,Neutral
1509,Negative
1510,Neutral
1511,Neutral
1512,Positive
1513,Positive
1514,Neutral
1515,Neutral
1516,Extremely Negative
1517,Neutral
1518,Neutral
1519,Neutral
1520,Negative
1521,Positive
1522,Neutral
1523,Positive
1524,Positive
1525,Neutral
1526,Negative
1527,Neutral
1528,Neutral
1529,Neutral
1530,Extremely Positive
1531,Positive
1532,Neutral
1533,Neutral
1534,Neutral
1535,Negative
1536,Positive
1537,Positive
1538,Neutral
1539,Positive
1540,Negative
1541,Neutral
1542,Neutral
1543,Neutral
1544,Neutral
1545,Neutral
1546,Neutral
1547,Negative
1548,Positive
1549,Neutral
1550,Neutral
1551,Neutral
1552,Neutral
1553,Positive
1554,Neutral
1555,Positive
1556,Neutral
1557,Neutral
1558,Neutral
1559,Neutral
1560,Neutral
1561,Neutral
1562,Negative
1563,Positive
1564,Positive
1565,Neutral
1566,Neutral
1567,Neutral
1568,Neutral
1569,Neutral
1570,Neutral
1571,Neutral
1572,Neutral
1573,Positive
1574,Neutral
1575,Neutral
1576,Neutral
1577,Neutral
1578,Positive
1579,Negative
1580,Negative
1581,Neutral
1582,Positive
1583,Negative
1584,Neutral
1585,Negative
1586,Positive
1587,Negative
1588,Negative
1589,Neutral
1590,Positive
1591,Neutral
1592,Neutral
1593,Negative
1594,Negative
1595,Neutral
1596,Negative
1597,Negative
1598,Neutral
1599,Positive
1600,Neutral
1601,Neutral
1602,Negative
1603,Neutral
1604,Neutral
1605,Neutral
1606,Neutral
1607,Neutral
1608,Negative
1609,Neutral
1610,Neutral
1611,Neutral
1612,Neutral
1613,Neutral
1614,Neutral
1615,Extremely Positive
1616,Positive
1617,Neutral
1618,Neutral
1619,Neutral
1620,Positive
1621,Neutral
1622,Positive
1623,Neutral
1624,Neutral
1625,Negative
1626,Neutral
1627,Neutral
1628,Positive
1629,Positive
1630,Positive
1631,Positive
1632,Positive
1633,Negative
1634,Negative
1635,Negative
1636,Neutral
1637,Neutral
1638,Negative
1639,Neutral
1640,Negative
1641,Neutral
1642,Neutral
1643,Neutral
1644,Negative
1645,Neutral
1646,Neutral
1647,Negative
1648,Neutral
1649,Neutral
1650,Neutral
1651,Negative
1652,Negative
1653,Negative
1654,Positive
1655,Neutral
1656,Neutral
1657,Neutral
1658,Neutral
1659,Neutral
1660,Positive
1661,Neutral
1662,Neutral
1663,Positive
1664,Positive
1665,Negative
1666,Positive
1667,Negative
1668,Neutral
1669,Neutral
1670,Positive
1671,Neutral
1672,Neutral
1673,Negative
1674,Neutral
1675,Neutral
1676,Neutral
1677,Neutral
1678,Neutral
1679,Positive
1680,Neutral
1681,Neutral
1682,Positive
1683,Neutral
1684,Neutral
1685,Positive
1686,Extremely Negative
1687,Negative
1688,Negative
1689,Positive
1690,Neutral
1691,Neutral
1692,Neutral
1693,Positive
1694,Neutral
1695,Neutral
1696,Neutral
1697,Neutral
1698,Positive
1699,Positive
1700,Neutral
1701,Negative
1702,Positive
1703,Negative
1704,Positive
1705,Positive
1706,Neutral
1707,Neutral
1708,Neutral
1709,Neutral
1710,Neutral
1711,Negative
1712,Positive
1713,Neutral
1714,Neutral
1715,Neutral
1716,Positive
1717,Extremely Positive
1718,Positive
1719,Neutral
1720,Neutral
1721,Neutral
1722,Neutral
1723,Neutral
1724,Neutral
1725,Positive
1726,Positive
1727,Negative
1728,Neutral
1729,Neutral
1730,Neutral
1731,Neutral
1732,Neutral
1733,Neutral
1734,Neutral
1735,Positive
1736,Neutral
1737,Negative
1738,Negative
1739,Neutral
1740,Positive
1741,Neutral
1742,Neutral
1743,Neutral
1744,Neutral
1745,Neutral
1746,Neutral
1747,Neutral
1748,Neutral
1749,Extremely Negative
1750,Positive
1751,Positive
1752,Positive
1753,Negative
1754,Positive
1755,Neutral
1756,Positive
1757,Neutral
1758,Positive
1759,Positive
1760,Neutral
1761,Neutral
1762,Neutral
1763,Neutral
1764,Positive
1765,Negative
1766,Neutral
1767,Neutral
1768,Neutral
1769,Negative
1770,Neutral
1771,Neutral
1772,Negative
1773,Neutral
1774,Neutral
1775,Neutral
1776,Positive
1777,Positive
1778,Positive
1779,Positive
1780,Positive
1781,Neutral
1782,Neutral
1783,Negative
1784,Negative
1785,Neutral
1786,Positive
1787,Positive
1788,Neutral
1789,Neutral
1790,Negative
1791,Neutral
1792,Neutral
1793,Neutral
1794,Neutral
1795,Positive
1796,Neutral
1797,Neutral
1798,Neutral
1799,Positive
1800,Positive
1801,Neutral
1802,Neutral
1803,Positive
1804,Positive
1805,Positive
1806,Positive
1807,Negative
1808,Neutral
1809,Positive
1810,Neutral
1811,Neutral
1812,Neutral
1813,Neutral
1814,Neutral
1815,Neutral
1816,Positive
1817,Neutral
1818,Neutral
1819,Positive
1820,Neutral
1821,Neutral
1822,Neutral
1823,Neutral
1824,Neutral
1825,Positive
1826,Neutral
1827,Negative
1828,Neutral
1829,Positive
1830,Negative
1831,Positive
1832,Neutral
1833,Neutral
1834,Negative
1835,Neutral
1836,Neutral
1837,Positive
1838,Negative
1839,Positive
1840,Extremely Positive
1841,Neutral
1842,Positive
1843,Negative
1844,Neutral
1845,Positive
1846,Positive
1847,Neutral
1848,Neutral
1849,Neutral
1850,Neutral
1851,Positive
1852,Positive
1853,Neutral
1854,Positive
1855,Positive
1856,Positive
1857,Extremely Positive
1858,Neutral
1859,Neutral
1860,Neutral
1861,Positive
1862,Positive
1863,Neutral
1864,Positive
1865,Negative
1866,Neutral
1867,Negative
1868,Positive
1869,Neutral
1870,Neutral
1871,Positive
1872,Neutral
1873,Negative
1874,Positive
1875,Neutral
1876,Neutral
1877,Positive
1878,Neutral
1879,Neutral
1880,Neutral
1881,Neutral
1882,Neutral
1883,Positive
1884,Negative
1885,Neutral
1886,Neutral
1887,Neutral
1888,Neutral
1889,Neutral
1890,Neutral
1891,Extremely Positive
1892,Neutral
1893,Positive
1894,Neutral
1895,Positive
1896,Positive
1897,Positive
1898,Positive
1899,Positive
1900,Neutral
1901,Negative
1902,Neutral
1903,Positive
1904,Positive
1905,Positive
1906,Neutral
1907,Neutral
1908,Neutral
1909,Positive
1910,Neutral
1911,Positive
1912,Positive
1913,Neutral
1914,Neutral
1915,Neutral
1916,Positive
1917,Neutral
1918,Positive
1919,Neutral
1920,Neutral
1921,Neutral
1922,Negative
1923,Neutral
1924,Neutral
1925,Positive
1926,Neutral
1927,Positive
1928,Neutral
1929,Neutral
1930,Neutral
1931,Neutral
1932,Neutral
1933,Neutral
1934,Neutral
1935,Neutral
1936,Positive
1937,Positive
1938,Neutral
1939,Negative
1940,Neutral
1941,Neutral
1942,Neutral
1943,Negative
1944,Neutral
1945,Neutral
1946,Neutral
1947,Negative
1948,Neutral
1949,Neutral
1950,Neutral
1951,Negative
1952,Neutral
1953,Positive
1954,Neutral
1955,Neutral
1956,Neutral
1957,Neutral
1958,Negative
1959,Neutral
1960,Negative
1961,Neutral
1962,Neutral
1963,Neutral
1964,Neutral
1965,Neutral
1966,Positive
1967,Neutral
1968,Neutral
1969,Negative
1970,Neutral
1971,Neutral
1972,Positive
1973,Neutral
1974,Positive
1975,Neutral
1976,Neutral
1977,Negative
1978,Positive
1979,Positive
1980,Negative
1981,Positive
1982,Positive
1983,Positive
1984,Positive
1985,Positive
1986,Negative
1987,Negative
1988,Negative
1989,Neutral
1990,Neutral
1991,Positive
1992,Negative
1993,Neutral
1994,Positive
1995,Neutral
1996,Neutral
1997,Neutral
1998,Positive
1999,Neutral
2000,Negative
2001,Neutral
2002,Neutral
2003,Positive
2004,Neutral
2005,Neutral
2006,Positive
2007,Negative
2008,Neutral
2009,Negative
2010,Negative
2011,Positive
2012,Negative
2013,Neutral
2014,Negative
2015,Neutral
2016,Negative
2017,Positive
2018,Positive
2019,Positive
2020,Neutral
2021,Neutral
2022,Neutral
2023,Negative
2024,Neutral
2025,Negative
2026,Positive
2027,Neutral
2028,Neutral
2029,Neutral
2030,Positive
2031,Neutral
2032,Neutral
2033,Positive
2034,Negative
2035,Neutral
2036,Neutral
2037,Neutral
2038,Neutral
2039,Neutral
2040,Positive
2041,Neutral
2042,Positive
2043,Neutral
2044,Neutral
2045,Negative
2046,Positive
2047,Negative
2048,Negative
2049,Positive
2050,Neutral
2051,Neutral
2052,Neutral
2053,Neutral
2054,Positive
2055,Neutral
2056,Negative
2057,Neutral
2058,Positive
2059,Neutral
2060,Positive
2061,Neutral
2062,Positive
2063,Neutral
2064,Positive
2065,Neutral
2066,Positive
2067,Neutral
2068,Neutral
2069,Positive
2070,Neutral
2071,Negative
2072,Negative
2073,Positive
2074,Neutral
2075,Positive
2076,Neutral
2077,Neutral
2078,Negative
2079,Neutral
2080,Negative
2081,Neutral
2082,Negative
2083,Neutral
2084,Neutral
2085,Negative
2086,Extremely Negative
2087,Neutral
2088,Positive
2089,Positive
2090,Positive
2091,Negative
2092,Negative
2093,Extremely Negative
2094,Positive
2095,Neutral
2096,Neutral
2097,Neutral
2098,Positive
2099,Neutral
2100,Positive
2101,Neutral
2102,Positive
2103,Negative
2104,Negative
2105,Positive
2106,Neutral
2107,Negative
2108,Positive
2109,Positive
2110,Positive
2111,Negative
2112,Positive
2113,Neutral
2114,Neutral
2115,Positive
2116,Neutral
2117,Neutral
2118,Negative
2119,Neutral
2120,Negative
2121,Neutral
2122,Positive
2123,Positive
2124,Neutral
2125,Neutral
2126,Neutral
2127,Neutral
2128,Negative
2129,Neutral
2130,Negative
2131,Positive
2132,Neutral
2133,Positive
2134,Negative
2135,Positive
2136,Neutral
2137,Positive
2138,Negative
2139,Neutral
2140,Negative
2141,Neutral
2142,Neutral
2143,Negative
2144,Negative
2145,Neutral
2146,Neutral
2147,Neutral
2148,Positive
2149,Neutral
2150,Positive
2151,Positive
2152,Negative
2153,Neutral
2154,Positive
2155,Positive
2156,Positive
2157,Negative
2158,Neutral
2159,Neutral
2160,Neutral
2161,Positive
2162,Positive
2163,Neutral
2164,Negative
2165,Neutral
2166,Extremely Negative
2167,Extremely Negative
2168,Extremely Negative
2169,Positive
2170,Neutral
2171,Negative
2172,Negative
2173,Neutral
2174,Positive
2175,Neutral
2176,Neutral
2177,Positive
2178,Neutral
2179,Extremely Positive
2180,Negative
2181,Positive
2182,Neutral
2183,Positive
2184,Neutral
2185,Positive
2186,Extremely Positive
2187,Negative
2188,Negative
2189,Negative
2190,Positive
2191,Neutral
2192,Positive
2193,Positive
2194,Neutral
2195,Neutral
2196,Positive
2197,Positive
2198,Negative
2199,Neutral
2200,Positive
2201,Positive
2202,Neutral
2203,Negative
2204,Positive
2205,Neutral
2206,Positive
2207,Positive
2208,Neutral
2209,Neutral
2210,Neutral
2211,Neutral
2212,Neutral
2213,Negative
2214,Positive
2215,Negative
2216,Neutral
2217,Neutral
2218,Positive
2219,Negative
2220,Positive
2221,Neutral
2222,Positive
2223,Neutral
2224,Neutral
2225,Positive
2226,Positive
2227,Negative
2228,Negative
2229,Neutral
2230,Neutral
2231,Positive
2232,Negative
2233,Neutral
2234,Positive
2235,Neutral
2236,Neutral
2237,Neutral
2238,Neutral
2239,Neutral
2240,Negative
2241,Positive
2242,Neutral
2243,Neutral
2244,Extremely Positive
2245,Neutral
2246,Neutral
2247,Positive
2248,Neutral
2249,Negative
2250,Negative
2251,Positive
2252,Neutral
2253,Positive
2254,Neutral
2255,Neutral
2256,Positive
2257,Positive
2258,Neutral
2259,Positive
2260,Positive
2261,Neutral
2262,Positive
2263,Positive
2264,Negative
2265,Neutral
2266,Neutral
2267,Positive
2268,Positive
2269,Positive
2270,Neutral
2271,Extremely Positive
2272,Neutral
2273,Neutral
2274,Neutral
2275,Positive
2276,Negative
2277,Negative
2278,Neutral
2279,Neutral
2280,Neutral
2281,Neutral
2282,Positive
2283,Negative
2284,Neutral
2285,Neutral
2286,Positive
2287,Positive
2288,Neutral
2289,Negative
2290,Neutral
2291,Neutral
2292,Neutral
2293,Neutral
2294,Neutral
2295,Neutral
2296,Positive
2297,Neutral
2298,Neutral
2299,Neutral
2300,Negative
2301,Neutral
2302,Neutral
2303,Neutral
2304,Neutral
2305,Negative
2306,Positive
2307,Positive
2308,Neutral
2309,Neutral
2310,Neutral
2311,Neutral
2312,Neutral
2313,Extremely Negative
2314,Neutral
2315,Neutral
2316,Neutral
2317,Neutral
2318,Neutral
2319,Neutral
2320,Neutral
2321,Positive
2322,Positive
2323,Neutral
2324,Neutral
2325,Negative
2326,Neutral
2327,Neutral
2328,Positive
2329,Neutral
2330,Positive
2331,Neutral
2332,Neutral
2333,Neutral
2334,Neutral
2335,Neutral
2336,Neutral
2337,Positive
2338,Negative
2339,Extremely Negative
2340,Neutral
2341,Positive
2342,Neutral
2343,Neutral
2344,Neutral
2345,Positive
2346,Neutral
2347,Negative
2348,Neutral
2349,Extremely Positive
2350,Positive
2351,Positive
2352,Negative
2353,Positive
2354,Neutral
2355,Neutral
2356,Positive
2357,Neutral
2358,Neutral
2359,Neutral
2360,Neutral
2361,Positive
2362,Negative
2363,Neutral
2364,Neutral
2365,Negative
2366,Positive
2367,Neutral
2368,Positive
2369,Negative
2370,Neutral
2371,Neutral
2372,Negative
2373,Neutral
2374,Positive
2375,Neutral
2376,Positive
2377,Neutral
2378,Positive
2379,Neutral
2380,Neutral
2381,Neutral
2382,Positive
2383,Neutral
2384,Neutral
2385,Positive
2386,Neutral
2387,Extremely Negative
2388,Positive
2389,Positive
2390,Neutral
2391,Neutral
2392,Neutral
2393,Neutral
2394,Neutral
2395,Positive
2396,Positive
2397,Neutral
2398,Neutral
2399,Neutral
2400,Neutral
2401,Positive
2402,Negative
2403,Neutral
2404,Positive
2405,Positive
2406,Neutral
2407,Neutral
2408,Neutral
2409,Neutral
2410,Neutral
2411,Neutral
2412,Negative
2413,Neutral
2414,Neutral
2415,Neutral
2416,Positive
2417,Neutral
2418,Negative
2419,Neutral
2420,Negative
2421,Positive
2422,Negative
2423,Negative
2424,Negative
2425,Positive
2426,Neutral
2427,Negative
2428,Negative
2429,Negative
2430,Neutral
2431,Negative
2432,Positive
2433,Neutral
2434,Positive
2435,Neutral
2436,Neutral
2437,Neutral
2438,Negative
2439,Positive
2440,Positive
2441,Negative
2442,Positive
2443,Neutral
2444,Neutral
2445,Positive
2446,Negative
2447,Neutral
2448,Negative
2449,Neutral
2450,Neutral
2451,Neutral
2452,Neutral
2453,Neutral
2454,Negative
2455,Neutral
2456,Negative
2457,Neutral
2458,Neutral
2459,Positive
2460,Negative
2461,Negative
2462,Negative
2463,Positive
2464,Neutral
2465,Negative
2466,Neutral
2467,Neutral
2468,Neutral
2469,Positive
2470,Neutral
2471,Negative
2472,Neutral
2473,Neutral
2474,Positive
2475,Neutral
2476,Neutral
2477,Neutral
2478,Neutral
2479,Neutral
2480,Negative
2481,Negative
2482,Neutral
2483,Negative
2484,Neutral
2485,Neutral
2486,Neutral
2487,Neutral
2488,Negative
2489,Positive
2490,Positive
2491,Negative
2492,Neutral
2493,Neutral
2494,Negative
2495,Positive
2496,Neutral
2497,Positive
2498,Neutral
2499,Positive
2500,Neutral
2501,Extremely Positive
2502,Neutral
2503,Neutral
2504,Neutral
2505,Negative
2506,Neutral
2507,Negative
2508,Positive
2509,Neutral
2510,Positive
2511,Neutral
2512,Positive
2513,Neutral
2514,Neutral
2515,Positive
2516,Neutral
2517,Neutral
2518,Positive
2519,Neutral
2520,Neutral
2521,Positive
2522,Positive
2523,Positive
2524,Neutral
2525,Neutral
2526,Positive
2527,Positive
2528,Neutral
2529,Neutral
2530,Neutral
2531,Neutral
2532,Positive
2533,Neutral
2534,Negative
2535,Neutral
2536,Negative
2537,Positive
2538,Positive
2539,Positive
2540,Neutral
2541,Positive
2542,Positive
2543,Positive
2544,Negative
2545,Negative
2546,Neutral
2547,Positive
2548,Negative
2549,Neutral
2550,Neutral
2551,Neutral
2552,Neutral
2553,Positive
2554,Positive
2555,Negative
2556,Neutral
2557,Negative
2558,Neutral
2559,Neutral
2560,Positive
2561,Neutral
2562,Positive
2563,Positive
2564,Neutral
2565,Neutral
2566,Neutral
2567,Negative
2568,Neutral
2569,Positive
2570,Neutral
2571,Neutral
2572,Neutral
2573,Positive
2574,Negative
2575,Extremely Positive
2576,Negative
2577,Neutral
2578,Positive
2579,Positive
2580,Positive
2581,Positive
2582,Negative
2583,Positive
2584,Neutral
2585,Neutral
2586,Positive
2587,Neutral
2588,Negative
2589,Negative
2590,Neutral
2591,Neutral
2592,Neutral
2593,Neutral
2594,Neutral
2595,Extremely Positive
2596,Neutral
2597,Positive
2598,Neutral
2599,Positive
2600,Neutral
2601,Neutral
2602,Neutral
2603,Neutral
2604,Neutral
2605,Neutral
2606,Neutral
2607,Negative
2608,Neutral
2609,Neutral
2610,Neutral
2611,Negative
2612,Positive
2613,Neutral
2614,Neutral
2615,Neutral
2616,Neutral
2617,Positive
2618,Neutral
2619,Positive
2620,Positive
2621,Positive
2622,Negative
2623,Neutral
2624,Negative
2625,Negative
2626,Positive
2627,Extremely Positive
2628,Neutral
2629,Neutral
2630,Neutral
2631,Neutral
2632,Positive
2633,Neutral
2634,Neutral
2635,Extremely Negative
2636,Extremely Negative
2637,Neutral
2638,Negative
2639,Neutral
2640,Neutral
2641,Extremely Negative
2642,Extremely Positive
2643,Negative
2644,Negative
2645,Neutral
2646,Neutral
2647,Neutral
2648,Neutral
2649,Positive
2650,Neutral
2651,Neutral
2652,Neutral
2653,Positive
2654,Neutral
2655,Neutral
2656,Negative
2657,Neutral
2658,Negative
2659,Positive
2660,Neutral
2661,Neutral
2662,Neutral
2663,Positive
2664,Neutral
2665,Positive
2666,Neutral
2667,Neutral
2668,Positive
2669,Positive
2670,Neutral
2671,Neutral
2672,Positive
2673,Neutral
2674,Neutral
2675,Neutral
2676,Neutral
2677,Neutral
2678,Negative
2679,Negative
2680,Neutral
2681,Neutral
2682,Neutral
2683,Negative
2684,Neutral
2685,Negative
2686,Positive
2687,Neutral
2688,Neutral
2689,Neutral
2690,Neutral
2691,Positive
2692,Neutral
2693,Neutral
2694,Positive
2695,Neutral
2696,Neutral
2697,Negative
2698,Neutral
2699,Neutral
2700,Positive
2701,Neutral
2702,Neutral
2703,Positive
2704,Neutral
2705,Positive
2706,Positive
2707,Neutral
2708,Neutral
2709,Neutral
2710,Neutral
2711,Neutral
2712,Neutral
2713,Negative
2714,Neutral
2715,Negative
2716,Neutral
2717,Positive
2718,Positive
2719,Neutral
2720,Positive
2721,Neutral
2722,Negative
2723,Neutral
2724,Positive
2725,Negative
2726,Positive
2727,Neutral
2728,Positive
2729,Neutral
2730,Neutral
2731,Neutral
2732,Neutral
2733,Neutral
2734,Neutral
2735,Positive
2736,Neutral
2737,Neutral
2738,Neutral
2739,Positive
2740,Positive
2741,Negative
2742,Neutral
2743,Neutral
2744,Neutral
2745,Negative
2746,Neutral
2747,Positive
2748,Positive
2749,Neutral
2750,Negative
2751,Neutral
2752,Neutral
2753,Positive
2754,Positive
2755,Neutral
2756,Negative
2757,Positive
2758,Positive
2759,Neutral
2760,Neutral
2761,Neutral
2762,Positive
2763,Neutral
2764,Neutral
2765,Positive
2766,Neutral
2767,Negative
2768,Neutral
2769,Negative
2770,Negative
2771,Neutral
2772,Neutral
2773,Negative
2774,Neutral
2775,Neutral
2776,Neutral
2777,Positive
2778,Positive
2779,Neutral
2780,Positive
2781,Positive
2782,Negative
2783,Neutral
2784,Positive
2785,Positive
2786,Positive
2787,Positive
2788,Positive
2789,Positive
2790,Positive
2791,Neutral
2792,Neutral
2793,Positive
2794,Neutral
2795,Neutral
2796,Positive
2797,Negative
2798,Positive
2799,Neutral
2800,Neutral
2801,Neutral
2802,Extremely Negative
2803,Neutral
2804,Negative
2805,Neutral
2806,Negative
2807,Neutral
2808,Neutral
2809,Neutral
2810,Neutral
2811,Neutral
2812,Negative
2813,Neutral
2814,Neutral
2815,Neutral
2816,Neutral
2817,Neutral
2818,Negative
2819,Positive
2820,Neutral
2821,Neutral
2822,Neutral
2823,Neutral
2824,Positive
2825,Neutral
2826,Positive
2827,Positive
2828,Neutral
2829,Neutral
2830,Positive
2831,Neutral
2832,Positive
2833,Positive
2834,Neutral
2835,Negative
2836,Positive
2837,Positive
2838,Neutral
2839,Neutral
2840,Negative
2841,Positive
2842,Neutral
2843,Neutral
2844,Negative
2845,Neutral
2846,Neutral
2847,Neutral
2848,Negative
2849,Positive
2850,Negative
2851,Neutral
2852,Negative
2853,Positive
2854,Positive
2855,Extremely Positive
2856,Neutral
2857,Neutral
2858,Neutral
2859,Neutral
2860,Neutral
2861,Neutral
2862,Neutral
2863,Neutral
2864,Neutral
2865,Neutral
2866,Negative
2867,Positive
2868,Extremely Positive
2869,Negative
2870,Neutral
2871,Neutral
2872,Negative
2873,Neutral
2874,Neutral
2875,Neutral
2876,Neutral
2877,Neutral
2878,Negative
2879,Neutral
2880,Neutral
2881,Neutral
2882,Neutral
2883,Positive
2884,Neutral
2885,Positive
2886,Neutral
2887,Neutral
2888,Neutral
2889,Negative
2890,Neutral
2891,Positive
2892,Neutral
2893,Neutral
2894,Positive
2895,Neutral
2896,Negative
2897,Positive
2898,Neutral
2899,Neutral
2900,Neutral
2901,Neutral
2902,Positive
2903,Positive
2904,Extremely Negative
2905,Neutral
2906,Positive
2907,Negative
2908,Negative
2909,Neutral
2910,Neutral
2911,Neutral
2912,Positive
2913,Neutral
2914,Negative
2915,Neutral
2916,Neutral
2917,Neutral
2918,Positive
2919,Positive
2920,Extremely Positive
2921,Positive
2922,Neutral
2923,Negative
2924,Positive
2925,Negative
2926,Neutral
2927,Negative
2928,Negative
2929,Negative
2930,Neutral
2931,Positive
2932,Positive
2933,Neutral
2934,Positive
2935,Negative
2936,Neutral
2937,Neutral
2938,Positive
2939,Neutral
2940,Positive
2941,Negative
2942,Negative
2943,Positive
2944,Neutral
2945,Negative
2946,Neutral
2947,Neutral
2948,Negative
2949,Neutral
2950,Neutral
2951,Neutral
2952,Negative
2953,Neutral
2954,Negative
2955,Positive
2956,Negative
2957,Negative
2958,Positive
2959,Neutral
2960,Neutral
2961,Negative
2962,Positive
2963,Positive
2964,Neutral
2965,Positive
2966,Negative
2967,Neutral
2968,Neutral
2969,Neutral
2970,Neutral
2971,Positive
2972,Extremely Negative
2973,Positive
2974,Positive
2975,Neutral
2976,Neutral
2977,Neutral
2978,Neutral
2979,Positive
2980,Negative
2981,Positive
2982,Neutral
2983,Negative
2984,Neutral
2985,Negative
2986,Negative
2987,Positive
2988,Positive
2989,Neutral
2990,Neutral
2991,Positive
2992,Neutral
2993,Negative
2994,Neutral
2995,Neutral
2996,Negative
2997,Neutral
2998,Neutral
2999,Negative
3000,Negative
3001,Neutral
3002,Neutral
3003,Negative
3004,Negative
3005,Neutral
3006,Extremely Positive
3007,Positive
3008,Extremely Negative
3009,Positive
3010,Neutral
3011,Neutral
3012,Positive
3013,Neutral
3014,Neutral
3015,Neutral
3016,Positive
3017,Neutral
3018,Neutral
3019,Negative
3020,Neutral
3021,Positive
3022,Neutral
3023,Positive
3024,Neutral
3025,Positive
3026,Negative
3027,Neutral
3028,Neutral
3029,Neutral
3030,Neutral
3031,Neutral
3032,Negative
3033,Neutral
3034,Positive
3035,Negative
3036,Positive
3037,Negative
3038,Neutral
3039,Neutral
3040,Negative
3041,Neutral
3042,Neutral
3043,Neutral
3044,Positive
3045,Negative
3046,Positive
3047,Negative
3048,Negative
3049,Positive
3050,Neutral
3051,Neutral
3052,Negative
3053,Neutral
3054,Neutral
3055,Negative
3056,Extremely Negative
3057,Neutral
3058,Neutral
3059,Negative
3060,Neutral
3061,Neutral
3062,Neutral
3063,Neutral
3064,Negative
3065,Positive
3066,Negative
3067,Neutral
3068,Positive
3069,Neutral
3070,Extremely Positive
3071,Positive
3072,Positive
3073,Positive
3074,Positive
3075,Extremely Negative
3076,Neutral
3077,Neutral
3078,Neutral
3079,Positive
3080,Neutral
3081,Neutral
3082,Neutral
3083,Neutral
3084,Neutral
3085,Negative
3086,Extremely Positive
3087,Neutral
3088,Positive
3089,Neutral
3090,Neutral
3091,Negative
3092,Neutral
3093,Positive
3094,Neutral
3095,Negative
3096,Positive
3097,Neutral
3098,Neutral
3099,Negative
3100,Positive
3101,Positive
3102,Neutral
3103,Neutral
3104,Positive
3105,Positive
3106,Positive
3107,Positive
3108,Neutral
3109,Negative
3110,Positive
3111,Neutral
3112,Extremely Positive
3113,Neutral
3114,Negative
3115,Neutral
3116,Neutral
3117,Positive
3118,Neutral
3119,Positive
3120,Neutral
3121,Positive
3122,Neutral
3123,Neutral
3124,Neutral
3125,Negative
3126,Neutral
3127,Neutral
3128,Positive
3129,Negative
3130,Neutral
3131,Positive
3132,Neutral
3133,Positive
3134,Negative
3135,Negative
3136,Neutral
3137,Negative
3138,Negative
3139,Neutral
3140,Neutral
3141,Positive
3142,Neutral
3143,Neutral
3144,Neutral
3145,Neutral
3146,Neutral
3147,Neutral
3148,Neutral
3149,Extremely Positive
3150,Neutral
3151,Negative
3152,Neutral
3153,Neutral
3154,Neutral
3155,Positive
3156,Neutral
3157,Positive
3158,Neutral
3159,Neutral
3160,Neutral
3161,Negative
3162,Neutral
3163,Positive
3164,Positive
3165,Neutral
3166,Neutral
3167,Neutral
3168,Positive
3169,Neutral
3170,Neutral
3171,Negative
3172,Neutral
3173,Neutral
3174,Neutral
3175,Neutral
3176,Neutral
3177,Neutral
3178,Positive
3179,Neutral
3180,Neutral
3181,Neutral
3182,Neutral
3183,Neutral
3184,Positive
3185,Positive
3186,Neutral
3187,Negative
3188,Negative
3189,Positive
3190,Negative
3191,Neutral
3192,Positive
3193,Neutral
3194,Neutral
3195,Negative
3196,Neutral
3197,Neutral
3198,Positive
3199,Positive
3200,Positive
3201,Neutral
3202,Positive
3203,Neutral
3204,Negative
3205,Neutral
3206,Neutral
3207,Positive
3208,Positive
3209,Neutral
3210,Neutral
3211,Neutral
3212,Positive
3213,Neutral
3214,Neutral
3215,Neutral
3216,Neutral
3217,Positive
3218,Positive
3219,Negative
3220,Positive
3221,Neutral
3222,Positive
3223,Negative
3224,Neutral
3225,Neutral
3226,Neutral
3227,Negative
3228,Neutral
3229,Extremely Negative
3230,Negative
3231,Neutral
3232,Neutral
3233,Negative
3234,Neutral
3235,Negative
3236,Positive
3237,Negative
3238,Neutral
3239,Positive
3240,Neutral
3241,Neutral
3242,Neutral
3243,Neutral
3244,Neutral
3245,Extremely Positive
3246,Neutral
3247,Positive
3248,Neutral
3249,Neutral
3250,Neutral
3251,Neutral
3252,Neutral
3253,Positive
3254,Positive
3255,Neutral
3256,Neutral
3257,Positive
3258,Positive
3259,Negative
3260,Negative
3261,Neutral
3262,Negative
3263,Neutral
3264,Extremely Negative
3265,Neutral
3266,Negative
3267,Negative
3268,Neutral
3269,Neutral
3270,Neutral
3271,Neutral
3272,Neutral
3273,Neutral
3274,Neutral
3275,Neutral
3276,Neutral
3277,Neutral
3278,Neutral
3279,Positive
3280,Neutral
3281,Negative
3282,Negative
3283,Positive
3284,Positive
3285,Neutral
3286,Neutral
3287,Positive
3288,Neutral
3289,Neutral
3290,Neutral
3291,Neutral
3292,Negative
3293,Negative
3294,Neutral
3295,Positive
3296,Neutral
3297,Positive
3298,Neutral
3299,Positive
3300,Negative
3301,Neutral
3302,Neutral
3303,Neutral
3304,Neutral
3305,Neutral
3306,Neutral
3307,Positive
3308,Positive
3309,Neutral
3310,Positive
3311,Positive
3312,Positive
3313,Neutral
3314,Neutral
3315,Neutral
3316,Negative
3317,Neutral
3318,Neutral
3319,Negative
3320,Positive
3321,Neutral
3322,Neutral
3323,Positive
3324,Negative
3325,Positive
3326,Neutral
3327,Negative
3328,Positive
3329,Neutral
3330,Positive
3331,Negative
3332,Positive
3333,Neutral
3334,Positive
3335,Extremely Positive
3336,Positive
3337,Positive
3338,Positive
3339,Neutral
3340,Positive
3341,Positive
3342,Positive
3343,Neutral
3344,Positive
3345,Neutral
3346,Positive
3347,Neutral
3348,Neutral
3349,Neutral
3350,Neutral
3351,Neutral
3352,Neutral
3353,Neutral
3354,Neutral
3355,Neutral
3356,Neutral
3357,Neutral
3358,Positive
3359,Neutral
3360,Extremely Negative
3361,Negative
3362,Positive
3363,Neutral
3364,Positive
3365,Neutral
3366,Neutral
3367,Positive
3368,Neutral
3369,Neutral
3370,Negative
3371,Neutral
3372,Negative
3373,Negative
3374,Negative
3375,Positive
3376,Neutral
3377,Neutral
3378,Neutral
3379,Positive
3380,Neutral
3381,Neutral
3382,Neutral
3383,Extremely Positive
3384,Neutral
3385,Neutral
3386,Neutral
3387,Neutral
3388,Positive
3389,Negative
3390,Positive
3391,Neutral
3392,Neutral
3393,Neutral
3394,Positive
3395,Neutral
3396,Positive
3397,Neutral
3398,Positive
3399,Neutral
3400,Positive
3401,Positive
3402,Neutral
3403,Neutral
3404,Neutral
3405,Neutral
3406,Positive
3407,Neutral
3408,Neutral
3409,Positive
3410,Neutral
3411,Positive
3412,Negative
3413,Neutral
3414,Positive
3415,Neutral
3416,Positive
3417,Neutral
3418,Neutral
3419,Negative
3420,Neutral
3421,Neutral
3422,Neutral
3423,Positive
3424,Neutral
3425,Neutral
3426,Negative
3427,Negative
3428,Neutral
3429,Neutral
3430,Neutral
3431,Positive
3432,Positive
3433,Neutral
3434,Neutral
3435,Neutral
3436,Neutral
3437,Negative
3438,Extremely Negative
3439,Neutral
3440,Positive
3441,Negative
3442,Neutral
3443,Positive
3444,Neutral
3445,Positive
3446,Positive
3447,Neutral
3448,Neutral
3449,Neutral
3450,Neutral
3451,Neutral
3452,Neutral
3453,Neutral
3454,Neutral
3455,Negative
3456,Negative
3457,Neutral
3458,Neutral
3459,Neutral
3460,Neutral
3461,Neutral
3462,Neutral
3463,Neutral
3464,Negative
3465,Negative
3466,Neutral
3467,Neutral
3468,Neutral
3469,Positive
3470,Neutral
3471,Neutral
3472,Positive
3473,Neutral
3474,Neutral
3475,Positive
3476,Positive
3477,Neutral
3478,Neutral
3479,Positive
3480,Neutral
3481,Positive
3482,Neutral
3483,Positive
3484,Neutral
3485,Neutral
3486,Neutral
3487,Negative
3488,Neutral
3489,Neutral
3490,Neutral
3491,Neutral
3492,Neutral
3493,Negative
3494,Neutral
3495,Negative
3496,Neutral
3497,Neutral
3498,Neutral
3499,Positive
3500,Positive
3501,Neutral
3502,Neutral
3503,Neutral
3504,Negative
3505,Neutral
3506,Neutral
3507,Neutral
3508,Neutral
3509,Neutral
3510,Neutral
3511,Neutral
3512,Neutral
3513,Positive
3514,Positive
3515,Neutral
3516,Neutral
3517,Neutral
3518,Neutral
3519,Neutral
3520,Negative
3521,Neutral
3522,Neutral
3523,Extremely Negative
3524,Neutral
3525,Neutral
3526,Positive
3527,Negative
3528,Neutral
3529,Neutral
3530,Positive
3531,Positive
3532,Neutral
3533,Negative
3534,Neutral
3535,Neutral
3536,Neutral
3537,Neutral
3538,Neutral
3539,Neutral
3540,Positive
3541,Neutral
3542,Negative
3543,Neutral
3544,Neutral
3545,Negative
3546,Neutral
3547,Neutral
3548,Neutral
3549,Negative
3550,Neutral
3551,Positive
3552,Neutral
3553,Positive
3554,Positive
3555,Neutral
3556,Positive
3557,Neutral
3558,Negative
3559,Negative
3560,Neutral
3561,Negative
3562,Neutral
3563,Neutral
3564,Negative
3565,Positive
3566,Positive
3567,Positive
3568,Negative
3569,Positive
3570,Neutral
3571,Neutral
3572,Positive
3573,Neutral
3574,Neutral
3575,Positive
3576,Positive
3577,Neutral
3578,Neutral
3579,Positive
3580,Positive
3581,Positive
3582,Neutral
3583,Negative
3584,Positive
3585,Neutral
3586,Negative
3587,Positive
3588,Neutral
3589,Neutral
3590,Neutral
3591,Neutral
3592,Negative
3593,Positive
3594,Negative
3595,Positive
3596,Neutral
3597,Positive
3598,Negative
3599,Neutral
3600,Neutral
3601,Positive
3602,Neutral
3603,Positive
3604,Positive
3605,Neutral
3606,Neutral
3607,Neutral
3608,Neutral
3609,Positive
3610,Neutral
3611,Neutral
3612,Neutral
3613,Negative
3614,Neutral
3615,Negative
3616,Neutral
3617,Neutral
3618,Neutral
3619,Neutral
3620,Positive
3621,Neutral
3622,Neutral
3623,Extremely Negative
3624,Negative
3625,Positive
3626,Neutral
3627,Neutral
3628,Positive
3629,Neutral
3630,Neutral
3631,Positive
3632,Neutral
3633,Neutral
3634,Negative
3635,Neutral
3636,Negative
3637,Positive
3638,Positive
3639,Neutral
3640,Negative
3641,Neutral
3642,Neutral
3643,Positive
3644,Neutral
3645,Neutral
3646,Neutral
3647,Negative
3648,Neutral
3649,Positive
3650,Negative
3651,Neutral
3652,Negative
3653,Positive
3654,Neutral
3655,Neutral
3656,Neutral
3657,Neutral
3658,Negative
3659,Neutral
3660,Neutral
3661,Positive
3662,Neutral
3663,Neutral
3664,Neutral
3665,Positive
3666,Neutral
3667,Neutral
3668,Negative
3669,Negative
3670,Neutral
3671,Positive
3672,Neutral
3673,Negative
3674,Positive
3675,Neutral
3676,Neutral
3677,Neutral
3678,Positive
3679,Positive
3680,Negative
3681,Neutral
3682,Positive
3683,Positive
3684,Positive
3685,Neutral
3686,Negative
3687,Negative
3688,Positive
3689,Neutral
3690,Positive
3691,Positive
3692,Neutral
3693,Neutral
3694,Neutral
3695,Negative
3696,Neutral
3697,Neutral
3698,Negative
3699,Neutral
3700,Neutral
3701,Positive
3702,Positive
3703,Negative
3704,Neutral
3705,Negative
3706,Neutral
3707,Extremely Negative
3708,Neutral
3709,Neutral
3710,Neutral
3711,Positive
3712,Neutral
3713,Negative
3714,Neutral
3715,Neutral
3716,Neutral
3717,Neutral
3718,Neutral
3719,Neutral
3720,Negative
3721,Positive
3722,Negative
3723,Neutral
3724,Neutral
3725,Negative
3726,Positive
3727,Neutral
3728,Extremely Positive
3729,Neutral
3730,Positive
3731,Neutral
3732,Positive
3733,Negative
3734,Extremely Negative
3735,Negative
3736,Neutral
3737,Negative
3738,Neutral
3739,Neutral
3740,Neutral
3741,Neutral
3742,Neutral
3743,Neutral
3744,Negative
3745,Positive
3746,Negative
3747,Neutral
3748,Neutral
3749,Neutral
3750,Neutral
3751,Neutral
3752,Neutral
3753,Neutral
3754,Positive
3755,Neutral
3756,Neutral
3757,Neutral
3758,Positive
3759,Extremely Positive
3760,Neutral
3761,Neutral
3762,Positive
3763,Positive
3764,Negative
3765,Neutral
3766,Negative
3767,Negative
3768,Neutral
3769,Neutral
3770,Neutral
3771,Positive
3772,Neutral
3773,Negative
3774,Neutral
3775,Neutral
3776,Neutral
3777,Neutral
3778,Neutral
3779,Positive
3780,Neutral
3781,Neutral
3782,Positive
3783,Neutral
3784,Neutral
3785,Neutral
3786,Neutral
3787,Positive
3788,Positive
3789,Positive
3790,Neutral
3791,Neutral
3792,Positive
3793,Positive
3794,Neutral
3795,Neutral
3796,Neutral
3797,Neutral
3798,Negative
